Workbook

Sheet Cover
B2: Teva Pharmaceuticals — HQ Finance Function
B3: Organizational Streamlining Engagement
B4: Current-State Headcount & Org Data — Working File
B6: Prepared by:
B7: Maayan Chen, Engagement Lead — Meridian Strategy Partners
B8: Client contact:
B9: Ronit Levi, VP HR Business Partner, Teva HQ Finance
B10: Date:
B11: August 2026
B12: Classification:
B13: Confidential — Internal Working Draft — Not for Distribution
B15: NOTE: All names, titles, salary figures and org data in this workbook are
... B22: 4. Compensation Cost Summary

Sheet Current Org Roster
A1: Teva HQ Finance — Current Org Roster (as of July 2026)
A2: Source: HRIS export (SuccessFactors) reconciled with Finance org chart, July 2026 — fictional sample data
A4: Employee ID | B4: Employee Name | C4: Title | D4: Department | E4: Sub-Team | F4: Manager ID | G4: Manager Name | H4: Level (Grade) | I4: Location | J4: Tenure (Years) | K4: Annual Base Salary (ILS) | L4: FTE % | M4: Role Type
A5: E1001 | B5: David Katz | C5: VP Finance, HQ | D5: Finance Leadership | E5: Leadership | H5: VP | I5: Tel Aviv (HQ) | J5: 9 | K5: 620000 | L5: 100 | M5: People Manager
A6: E1002 | B6: Noa Ben-David | C6: Director, Financial Planning & Analysis | D6: FP&A | E6: FP&A Leadership | F6: E1001 | G6: David Katz | H6: D1 | I6: Tel Aviv (HQ) | J6: 7 | K6: 480000 | L6: 100 | M6: People Manager
A7: E1003 | B7: Amit Shalev | C7: Director, Controllership | D7: Controllership | E7: Controllership Leadership | F7: E1001 | G7: David Katz | H7: D1 | I7: Tel Aviv (HQ) | J7: 11 | K7: 495000 | L7: 100 | M7: People Manager
A8: E1004 | B8: Michal Ozer | C8: Director, Procurement Finance | D8: Procurement Finance | E8: Procurement Leadership | F8: E1001 | G8: David Katz | H8: D1 | I8: Tel Aviv (HQ) | J8: 6 | K8: 470000 | L8: 100 | M8: People Manager
A9: E1005 | B9: Yossi Mizrahi | C9: Senior Manager, FP&A | D9: FP&A | E9: Corporate FP&A | F9: E1002 | G9: Noa Ben-David | H9: M2 | I9: Tel Aviv (HQ) | J9: 5 | K9: 340000 | L9: 100 | M9: People Manager
A10: E1006 | B10: Tamar Avraham | C10: Senior Manager, FP&A | D10: FP&A | E10: Commercial FP&A | F10: E1002 | G10: Noa Ben-David | H10: M2 | I10: Tel Aviv (HQ) | J10: 4 | K10: 335000 | L10: 100 | M10: People Manager
A11: E1007 | B11: Eli Cohen | C11: FP&A Analyst II | D11: FP&A | E11: Corporate FP&A | F11: E1005 | G11: Yossi Mizrahi | H11: P3 | I11: Tel Aviv (HQ) | J11: 3 | K11: 220000 | L11: 100 | M11: Individual Contributor
A12: E1008 | B12: Shira Peretz | C12: FP&A Analyst II | D12: FP&A | E12: Corporate FP&A | F12: E1005 | G12: Yossi Mizrahi | H12: P3 | I12: Tel Aviv (HQ) | J12: 2 | K12: 215000 | L12: 100 | M12: Individual Contributor
A13: E1009 | B13: Roi Green | C13: FP&A Analyst I | D13: FP&A | E13: Commercial FP&A | F13: E1006 | G13: Tamar Avraham | H13: P2 | I13: Tel Aviv (HQ) | J13: 1 | K13: 175000 | L13: 100 | M13: Individual Contributor
A14: E1010 | B14: Dana Segal | C14: FP&A Analyst I | D14: FP&A | E14: Commercial FP&A | F14: E1006 | G14: Tamar Avraham | H14: P2 | I14: Tel Aviv (HQ) | J14: 2 | K14: 180000 | L14: 100 | M14: Individual Contributor
A15: E1011 | B15: Omer Barak | C15: FP&A Analyst I | D15: FP&A | E15: Commercial FP&A | F15: E1006 | G15: Tamar Avraham | H15: P2 | I15: Tel Aviv (HQ) | J15: 1 | K15: 172000 | L15: 100 | M15: Individual Contributor
A16: E1012 | B16: Liat Nahmias | C16: Senior Manager, Controllership | D16: Controllership | E16: General Ledger | F16: E1003 | G16: Amit Shalev | H16: M2 | I16: Tel Aviv (HQ) | J16: 8 | K16: 330000 | L16: 100 | M16: People Manager
A17: E1013 | B17: Guy Refael | C17: Senior Manager, Controllership | D17: Controllership | E17: Statutory Reporting | F17: E1003 | G17: Amit Shalev | H17: M2 | I17: Tel Aviv (HQ) | J17: 6 | K17: 325000 | L17: 100 | M17: People Manager
... A29: E1025 | B29: Gilad Frenkel | C29: Finance Operations Coordinator | D29: Finance Leadership | E29: Shared Services | F29: E1001 | G29: David Katz | H29: P1 | I29: Tel Aviv (HQ) | J29: 2 | K29: 145000 | L29: 100 | M29: Individual Contributor

Sheet Headcount Summary
A1: Headcount Summary by Department
A2: Derived from 'Current Org Roster' sheet
A4: Department | B4: Headcount | C4: People Managers | D4: Individual Contributors | E4: Avg. Base Salary (ILS)
A5: Finance Leadership | B5: =COUNTIF('Current Org Roster'!$D$5:$D$29,A5) | C5: =COUNTIFS('Current Org Roster'!$D$5:$D$29,A5,'Current Org Roster'!$M$5:$M$29,"People Manager") | D5: =COUNTIFS('Current Org Roster'!$D$5:$D$29,A5,'Current Org Roster'!$M$5:$M$29,"Individual Contributor") | E5: =AVERAGEIF('Current Org Roster'!$D$5:$D$29,A5,'Current Org Roster'!$K$5:$K$29)
A6: FP&A | B6: =COUNTIF('Current Org Roster'!$D$5:$D$29,A6) | C6: =COUNTIFS('Current Org Roster'!$D$5:$D$29,A6,'Current Org Roster'!$M$5:$M$29,"People Manager") | D6: =COUNTIFS('Current Org Roster'!$D$5:$D$29,A6,'Current Org Roster'!$M$5:$M$29,"Individual Contributor") | E6: =AVERAGEIF('Current Org Roster'!$D$5:$D$29,A6,'Current Org Roster'!$K$5:$K$29)
A7: Controllership | B7: =COUNTIF('Current Org Roster'!$D$5:$D$29,A7) | C7: =COUNTIFS('Current Org Roster'!$D$5:$D$29,A7,'Current Org Roster'!$M$5:$M$29,"People Manager") | D7: =COUNTIFS('Current Org Roster'!$D$5:$D$29,A7,'Current Org Roster'!$M$5:$M$29,"Individual Contributor") | E7: =AVERAGEIF('Current Org Roster'!$D$5:$D$29,A7,'Current Org Roster'!$K$5:$K$29)
A8: Procurement Finance | B8: =COUNTIF('Current Org Roster'!$D$5:$D$29,A8) | C8: =COUNTIFS('Current Org Roster'!$D$5:$D$29,A8,'Current Org Roster'!$M$5:$M$29,"People Manager") | D8: =COUNTIFS('Current Org Roster'!$D$5:$D$29,A8,'Current Org Roster'!$M$5:$M$29,"Individual Contributor") | E8: =AVERAGEIF('Current Org Roster'!$D$5:$D$29,A8,'Current Org Roster'!$K$5:$K$29)
A9: Total | B9: =SUM(B5:B8) | C9: =SUM(C5:C8) | D9: =SUM(D5:D8) | E9: =AVERAGE('Current Org Roster'!$K$5:$K$29)

Sheet Span of Control
A1: Span of Control Analysis — Managers
A2: Flags managers with fewer than 4 direct reports as candidates for consolidation
A4: Manager Name | B4: Title | C4: Department | D4: Direct Reports | E4: Flag
A5: David Katz | B5: VP Finance, HQ | C5: Finance Leadership | D5: =COUNTIF('Current Org Roster'!$G$5:$G$29,A5) | E5: =IF(D5<4,"Below target (4+)","OK")
A6: Noa Ben-David | B6: Director, Financial Planning & Analysis | C6: FP&A | D6: =COUNTIF('Current Org Roster'!$G$5:$G$29,A6) | E6: =IF(D6<4,"Below target (4+)","OK")
A7: Amit Shalev | B7: Director, Controllership | C7: Controllership | D7: =COUNTIF('Current Org Roster'!$G$5:$G$29,A7) | E7: =IF(D7<4,"Below target (4+)","OK")
A8: Michal Ozer | B8: Director, Procurement Finance | C8: Procurement Finance | D8: =COUNTIF('Current Org Roster'!$G$5:$G$29,A8) | E8: =IF(D8<4,"Below target (4+)","OK")
A9: Yossi Mizrahi | B9: Senior Manager, FP&A | C9: FP&A | D9: =COUNTIF('Current Org Roster'!$G$5:$G$29,A9) | E9: =IF(D9<4,"Below target (4+)","OK")
A10: Tamar Avraham | B10: Senior Manager, FP&A | C10: FP&A | D10: =COUNTIF('Current Org Roster'!$G$5:$G$29,A10) | E10: =IF(D10<4,"Below target (4+)","OK")
A11: Liat Nahmias | B11: Senior Manager, Controllership | C11: Controllership | D11: =COUNTIF('Current Org Roster'!$G$5:$G$29,A11) | E11: =IF(D11<4,"Below target (4+)","OK")
A12: Guy Refael | B12: Senior Manager, Controllership | C12: Controllership | D12: =COUNTIF('Current Org Roster'!$G$5:$G$29,A12) | E12: =IF(D12<4,"Below target (4+)","OK")
A13: Rotem Cohen-Levi | B13: Senior Manager, Procurement Finance | C13: Procurement Finance | D13: =COUNTIF('Current Org Roster'!$G$5:$G$29,A13) | E13: =IF(D13<4,"Below target (4+)","OK")

Sheet Compensation Cost Summary
A1: Compensation Cost Summary
A2: Assumption (highlighted): employer on-cost loading factor applied to base salary — confirm with Total Rewards
A4: Total Headcount | B4: ='Headcount Summary'!B9
A5: Total Annual Base Salary Cost (ILS) | B5: =SUM('Current Org Roster'!$K$5:$K$29)
A6: Employer On-Cost Loading Factor | B6: 0.28 | C6: ← Input: confirm with Total Rewards / HR Finance (placeholder estimate)
A7: Total Fully-Loaded Compensation Cost (ILS) | B7: =B5*(1+B6)
A9: Estimated Annual Savings if 3 IC Roles Eliminated (avg. loaded cost) | B9: =(B7/B4)*3 | C9: ← Illustrative only, see 'Org Redesign Scenarios' workbook for modeled scenarios
